set search_path to clinic;

-- medical_card
insert into medical_card (id, client_status, med_status, registry_dt, comment) values (1, 'M', 'F', '2022-06-26', 'Jetwire');
insert into medical_card (id, client_status, med_status, registry_dt, comment) values (2, 'M', 'M', '2022-03-23', 'InnoZ');
insert into medical_card (id, client_status, med_status, registry_dt, comment) values (3, 'M', 'M', '2022-01-01', 'Fivechat');
insert into medical_card (id, client_status, med_status, registry_dt, comment) values (4, 'M', 'M', '2021-11-29', 'Shufflester');
insert into medical_card (id, client_status, med_status, registry_dt, comment) values (5, 'F', 'F', '2022-01-29', 'Divape');
insert into medical_card (id, client_status, med_status, registry_dt, comment) values (6, 'M', 'F', '2022-01-08', 'Kayveo');
insert into medical_card (id, client_status, med_status, registry_dt, comment) values (7, 'F', 'M', '2022-01-13', 'Wikizz');
insert into medical_card (id, client_status, med_status, registry_dt, comment) values (8, 'F', 'M', '2022-07-21', 'Teklist');
insert into medical_card (id, client_status, med_status, registry_dt, comment) values (9, 'F', 'M', '2022-08-28', 'Rhynoodle');
insert into medical_card (id, client_status, med_status, registry_dt, comment) values (10, 'M', 'M', '2022-09-28', 'Twitternation');
insert into medical_card (id, client_status, med_status, registry_dt, comment) values (11, 'F', 'M', '2022-05-25', 'Skippad');
insert into medical_card (id, client_status, med_status, registry_dt, comment) values (12, 'M', 'F', '2022-04-06', 'Yabox');
insert into medical_card (id, client_status, med_status, registry_dt, comment) values (13, 'F', 'F', '2022-02-27', 'Jaxbean');
insert into medical_card (id, client_status, med_status, registry_dt, comment) values (14, 'M', 'F', '2022-07-06', 'Skyvu');
insert into medical_card (id, client_status, med_status, registry_dt, comment) values (15, 'F', 'F', '2022-07-15', 'Gigabox');
insert into medical_card (id, client_status, med_status, registry_dt, comment) values (16, 'M', 'M', '2022-07-30', 'Dazzlesphere');
insert into medical_card (id, client_status, med_status, registry_dt, comment) values (17, 'F', 'F', '2021-11-13', 'Blogpad');
insert into medical_card (id, client_status, med_status, registry_dt, comment) values (18, 'F', 'M', '2022-06-20', 'Dazzlesphere');
insert into medical_card (id, client_status, med_status, registry_dt, comment) values (19, 'F', 'M', '2022-10-11', 'Browsezoom');
insert into medical_card (id, client_status, med_status, registry_dt, comment) values (20, 'M', 'F', '2022-04-14', 'Wikizz');
insert into medical_card (id, client_status, med_status, registry_dt, comment) values (21, 'M', 'M', '2022-03-13', 'Mycat');
insert into medical_card (id, client_status, med_status, registry_dt, comment) values (22, 'F', 'M', '2021-10-29', 'Bubblebox');
insert into medical_card (id, client_status, med_status, registry_dt, comment) values (23, 'F', 'F', '2022-01-10', 'Yodoo');
insert into medical_card (id, client_status, med_status, registry_dt, comment) values (24, 'F', 'F', '2022-05-21', 'Zoombeat');
insert into medical_card (id, client_status, med_status, registry_dt, comment) values (25, 'M', 'F', '2022-08-13', 'Eadel');
insert into medical_card (id, client_status, med_status, registry_dt, comment) values (26, 'M', 'M', '2021-11-02', 'Npath');
insert into medical_card (id, client_status, med_status, registry_dt, comment) values (27, 'M', 'F', '2021-12-19', 'Oozz');
insert into medical_card (id, client_status, med_status, registry_dt, comment) values (28, 'M', 'M', '2022-05-01', 'Realblab');
insert into medical_card (id, client_status, med_status, registry_dt, comment) values (29, 'M', 'F', '2021-12-29', 'Voonte');
insert into medical_card (id, client_status, med_status, registry_dt, comment) values (30, 'M', 'F', '2022-01-10', 'Dabfeed');
insert into medical_card (id, client_status, med_status, registry_dt, comment) values (31, 'F', 'F', '2022-08-13', 'Aibox');
insert into medical_card (id, client_status, med_status, registry_dt, comment) values (32, 'F', 'F', '2022-05-20', 'Skimia');
insert into medical_card (id, client_status, med_status, registry_dt, comment) values (33, 'M', 'M', '2022-03-26', 'Dabjam');
insert into medical_card (id, client_status, med_status, registry_dt, comment) values (34, 'F', 'F', '2022-02-20', 'Zoomdog');
insert into medical_card (id, client_status, med_status, registry_dt, comment) values (35, 'M', 'F', '2021-12-25', 'Voonte');
insert into medical_card (id, client_status, med_status, registry_dt, comment) values (36, 'M', 'M', '2022-03-03', 'Agimba');
insert into medical_card (id, client_status, med_status, registry_dt, comment) values (37, 'M', 'F', '2022-07-15', 'Midel');
insert into medical_card (id, client_status, med_status, registry_dt, comment) values (38, 'M', 'M', '2022-07-16', 'Cogilith');
insert into medical_card (id, client_status, med_status, registry_dt, comment) values (39, 'F', 'F', '2022-03-19', 'Muxo');
insert into medical_card (id, client_status, med_status, registry_dt, comment) values (40, 'M', 'M', '2022-01-19', 'Flashspan');
insert into medical_card (id, client_status, med_status, registry_dt, comment) values (41, 'F', 'M', '2022-10-18', 'Youbridge');
insert into medical_card (id, client_status, med_status, registry_dt, comment) values (42, 'F', 'M', '2021-12-22', 'Voonyx');
insert into medical_card (id, client_status, med_status, registry_dt, comment) values (43, 'M', 'F', '2022-07-20', 'Gabtype');
insert into medical_card (id, client_status, med_status, registry_dt, comment) values (44, 'M', 'F', '2022-09-12', 'Meevee');
insert into medical_card (id, client_status, med_status, registry_dt, comment) values (45, 'F', 'F', '2022-05-21', 'Gabtune');
insert into medical_card (id, client_status, med_status, registry_dt, comment) values (46, 'F', 'M', '2021-10-22', 'Tambee');
insert into medical_card (id, client_status, med_status, registry_dt, comment) values (47, 'M', 'F', '2022-09-03', 'Agimba');
insert into medical_card (id, client_status, med_status, registry_dt, comment) values (48, 'M', 'M', '2022-06-12', 'Quaxo');
insert into medical_card (id, client_status, med_status, registry_dt, comment) values (49, 'M', 'M', '2021-11-22', 'Centizu');
insert into medical_card (id, client_status, med_status, registry_dt, comment) values (50, 'F', 'F', '2022-07-01', 'Skiba');
insert into medical_card (id, client_status, med_status, registry_dt, comment) values (51, 'M', 'F', '2022-03-01', 'Gabvine');
insert into medical_card (id, client_status, med_status, registry_dt, comment) values (52, 'F', 'F', '2021-12-02', 'Mydeo');
insert into medical_card (id, client_status, med_status, registry_dt, comment) values (53, 'F', 'F', '2022-03-07', 'Oozz');
insert into medical_card (id, client_status, med_status, registry_dt, comment) values (54, 'M', 'M', '2022-09-12', 'Digitube');
insert into medical_card (id, client_status, med_status, registry_dt, comment) values (55, 'M', 'M', '2021-12-30', 'Buzzbean');
insert into medical_card (id, client_status, med_status, registry_dt, comment) values (56, 'F', 'M', '2022-06-08', 'Youspan');
insert into medical_card (id, client_status, med_status, registry_dt, comment) values (57, 'M', 'F', '2022-05-13', 'Jabberbean');
insert into medical_card (id, client_status, med_status, registry_dt, comment) values (58, 'M', 'F', '2022-03-21', 'Meeveo');
insert into medical_card (id, client_status, med_status, registry_dt, comment) values (59, 'M', 'F', '2021-11-07', 'Omba');
insert into medical_card (id, client_status, med_status, registry_dt, comment) values (60, 'M', 'M', '2022-07-31', 'Flashdog');
insert into medical_card (id, client_status, med_status, registry_dt, comment) values (61, 'F', 'F', '2022-03-08', 'Mycat');
insert into medical_card (id, client_status, med_status, registry_dt, comment) values (62, 'M', 'M', '2021-11-18', 'Topiclounge');
insert into medical_card (id, client_status, med_status, registry_dt, comment) values (63, 'M', 'F', '2022-09-07', 'Yadel');
insert into medical_card (id, client_status, med_status, registry_dt, comment) values (64, 'M', 'F', '2022-01-06', 'Jetwire');
insert into medical_card (id, client_status, med_status, registry_dt, comment) values (65, 'M', 'M', '2022-03-21', 'Devpulse');
insert into medical_card (id, client_status, med_status, registry_dt, comment) values (66, 'F', 'F', '2022-04-26', 'Feedmix');
insert into medical_card (id, client_status, med_status, registry_dt, comment) values (67, 'M', 'F', '2022-07-23', 'Yoveo');
insert into medical_card (id, client_status, med_status, registry_dt, comment) values (68, 'M', 'M', '2022-09-15', 'Flashset');
insert into medical_card (id, client_status, med_status, registry_dt, comment) values (69, 'F', 'M', '2022-03-14', 'Buzzster');
insert into medical_card (id, client_status, med_status, registry_dt, comment) values (70, 'M', 'M', '2022-04-26', 'Brainverse');
insert into medical_card (id, client_status, med_status, registry_dt, comment) values (71, 'M', 'F', '2022-04-21', 'Agimba');
insert into medical_card (id, client_status, med_status, registry_dt, comment) values (72, 'F', 'M', '2021-11-12', 'InnoZ');
insert into medical_card (id, client_status, med_status, registry_dt, comment) values (73, 'F', 'F', '2022-01-01', 'Shuffletag');
insert into medical_card (id, client_status, med_status, registry_dt, comment) values (74, 'M', 'M', '2022-06-26', 'Vidoo');
insert into medical_card (id, client_status, med_status, registry_dt, comment) values (75, 'F', 'F', '2022-01-16', 'Quinu');
insert into medical_card (id, client_status, med_status, registry_dt, comment) values (76, 'F', 'M', '2022-10-02', 'Mydeo');
insert into medical_card (id, client_status, med_status, registry_dt, comment) values (77, 'F', 'F', '2022-07-07', 'Feedspan');
insert into medical_card (id, client_status, med_status, registry_dt, comment) values (78, 'M', 'F', '2022-10-05', 'Browsedrive');
insert into medical_card (id, client_status, med_status, registry_dt, comment) values (79, 'F', 'F', '2022-08-24', 'Eimbee');
insert into medical_card (id, client_status, med_status, registry_dt, comment) values (80, 'F', 'M', '2022-06-07', 'Dablist');
insert into medical_card (id, client_status, med_status, registry_dt, comment) values (81, 'F', 'M', '2022-10-08', 'Livetube');
insert into medical_card (id, client_status, med_status, registry_dt, comment) values (82, 'M', 'M', '2022-10-03', 'Photojam');
insert into medical_card (id, client_status, med_status, registry_dt, comment) values (83, 'F', 'F', '2022-08-24', 'Flashspan');
insert into medical_card (id, client_status, med_status, registry_dt, comment) values (84, 'F', 'F', '2021-11-19', 'Oba');
insert into medical_card (id, client_status, med_status, registry_dt, comment) values (85, 'M', 'F', '2022-01-25', 'Oloo');
insert into medical_card (id, client_status, med_status, registry_dt, comment) values (86, 'F', 'M', '2022-05-08', 'Janyx');
insert into medical_card (id, client_status, med_status, registry_dt, comment) values (87, 'F', 'F', '2022-03-01', 'Yamia');
insert into medical_card (id, client_status, med_status, registry_dt, comment) values (88, 'M', 'M', '2022-09-27', 'Tavu');
insert into medical_card (id, client_status, med_status, registry_dt, comment) values (89, 'F', 'F', '2022-09-19', 'Brainverse');
insert into medical_card (id, client_status, med_status, registry_dt, comment) values (90, 'M', 'F', '2022-08-14', 'Edgewire');
insert into medical_card (id, client_status, med_status, registry_dt, comment) values (91, 'F', 'F', '2022-05-21', 'Bubbletube');
insert into medical_card (id, client_status, med_status, registry_dt, comment) values (92, 'M', 'F', '2022-07-15', 'Quatz');
insert into medical_card (id, client_status, med_status, registry_dt, comment) values (93, 'F', 'F', '2021-11-04', 'Quatz');
insert into medical_card (id, client_status, med_status, registry_dt, comment) values (94, 'M', 'F', '2022-03-06', 'Zoomlounge');
insert into medical_card (id, client_status, med_status, registry_dt, comment) values (95, 'M', 'F', '2021-11-02', 'Kare');
insert into medical_card (id, client_status, med_status, registry_dt, comment) values (96, 'M', 'F', '2022-01-12', 'Skyvu');
insert into medical_card (id, client_status, med_status, registry_dt, comment) values (97, 'F', 'M', '2021-12-06', 'Jaxworks');
insert into medical_card (id, client_status, med_status, registry_dt, comment) values (98, 'F', 'F', '2022-08-20', 'Roodel');
insert into medical_card (id, client_status, med_status, registry_dt, comment) values (99, 'M', 'F', '2022-04-13', 'Brightbean');
insert into medical_card (id, client_status, med_status, registry_dt, comment) values (100, 'M', 'F', '2022-08-11', 'Gigaclub');
insert into medical_card (id, client_status, med_status, registry_dt, comment) values (101, 'F', 'M', '2022-05-20', 'Tagpad');
insert into medical_card (id, client_status, med_status, registry_dt, comment) values (102, 'F', 'M', '2022-06-09', 'Ailane');

-- contact
insert into contact (id, phone_number, email, profile_link) values (1, '605-350-7402', 'sedscer0@naver.com', 'sogou.com');
insert into contact (id, phone_number, email, profile_link) values (2, '447-139-8614', 'sdennison1@sbwire.com', 'samsung.com');
insert into contact (id, phone_number, email, profile_link) values (3, '312-540-1675', 'eceresa2@istockphoto.com', 'opensource.org');
insert into contact (id, phone_number, email, profile_link) values (4, '735-637-3646', 'pgummary3@accuweather.com', 'shinystat.com');
insert into contact (id, phone_number, email, profile_link) values (5, '627-869-8498', 'jloadsman4@hibu.com', 'msu.edu');
insert into contact (id, phone_number, email, profile_link) values (6, '729-802-5538', 'lhesey5@thetimes.co.uk', 'statcounter.com');
insert into contact (id, phone_number, email, profile_link) values (7, '920-383-0712', 'cbraunle6@adobe.com', 'google.co.jp');
insert into contact (id, phone_number, email, profile_link) values (8, '702-768-5302', 'cpagden7@vkontakte.ru', 'webeden.co.uk');
insert into contact (id, phone_number, email, profile_link) values (9, '598-963-5433', 'cliccardi8@netlog.com', 'google.it');
insert into contact (id, phone_number, email, profile_link) values (10, '192-839-7927', 'ffloyed9@desdev.cn', 'friendfeed.com');
insert into contact (id, phone_number, email, profile_link) values (11, '960-416-1875', 'gremona@google.fr', 'dell.com');
insert into contact (id, phone_number, email, profile_link) values (12, '795-488-6532', 'gmathewb@ftc.gov', 'cargocollective.com');
insert into contact (id, phone_number, email, profile_link) values (13, '699-267-1628', 'jalvaradoc@jigsy.com', 'nyu.edu');
insert into contact (id, phone_number, email, profile_link) values (14, '326-357-6950', 'rreinardd@feedburner.com', 'macromedia.com');
insert into contact (id, phone_number, email, profile_link) values (15, '824-966-1672', 'lcarnewe@infoseek.co.jp', 'tinypic.com');
insert into contact (id, phone_number, email, profile_link) values (16, '617-459-9685', 'amcdufff@patch.com', 'msu.edu');
insert into contact (id, phone_number, email, profile_link) values (17, '432-811-7220', 'apickaverg@yellowbook.com', 'state.tx.us');
insert into contact (id, phone_number, email, profile_link) values (18, '759-501-8915', 'hbirketth@hc360.com', 'soup.io');
insert into contact (id, phone_number, email, profile_link) values (19, '468-442-3221', 'hmankori@yahoo.com', 'smugmug.com');
insert into contact (id, phone_number, email, profile_link) values (20, '460-196-2447', 'dragatej@studiopress.com', 'free.fr');
insert into contact (id, phone_number, email, profile_link) values (21, '795-425-0996', 'mgeek@nifty.com', 'samsung.com');
insert into contact (id, phone_number, email, profile_link) values (22, '450-835-0308', 'dsheeranl@foxnews.com', 'vistaprint.com');
insert into contact (id, phone_number, email, profile_link) values (23, '484-691-4948', 'jcordeirom@ocn.ne.jp', 'dot.gov');
insert into contact (id, phone_number, email, profile_link) values (24, '135-292-5454', 'akenrickn@networkadvertising.org', 'usgs.gov');
insert into contact (id, phone_number, email, profile_link) values (25, '389-503-4424', 'bverduino@disqus.com', 'intel.com');
insert into contact (id, phone_number, email, profile_link) values (26, '386-937-0297', 'rmorp@over-blog.com', 'nationalgeographic.com');
insert into contact (id, phone_number, email, profile_link) values (27, '513-319-0455', 'aenrightq@yahoo.com', 'dedecms.com');
insert into contact (id, phone_number, email, profile_link) values (28, '131-324-4360', 'tdaunayr@google.ca', 'answers.com');
insert into contact (id, phone_number, email, profile_link) values (29, '770-436-8025', 'lghirons@t-online.de', '1688.com');
insert into contact (id, phone_number, email, profile_link) values (30, '541-341-2113', 'amoinet@privacy.gov.au', 'earthlink.net');
insert into contact (id, phone_number, email, profile_link) values (31, '293-929-0569', 'ngodehardsfu@opensource.org', 'flickr.com');
insert into contact (id, phone_number, email, profile_link) values (32, '905-183-2590', 'tbisikerv@umn.edu', 'hubpages.com');
insert into contact (id, phone_number, email, profile_link) values (33, '627-916-4656', 'gshepperdw@deliciousdays.com', 'rediff.com');
insert into contact (id, phone_number, email, profile_link) values (34, '349-875-0277', 'flochx@pagesperso-orange.fr', 'smh.com.au');
insert into contact (id, phone_number, email, profile_link) values (35, '633-911-6629', 'mharderny@archive.org', 'qq.com');
insert into contact (id, phone_number, email, profile_link) values (36, '898-952-6287', 'silyasz@umn.edu', 'huffingtonpost.com');
insert into contact (id, phone_number, email, profile_link) values (37, '191-178-0259', 'spavic10@storify.com', 'vistaprint.com');
insert into contact (id, phone_number, email, profile_link) values (38, '755-168-5009', 'vdunkerley11@dedecms.com', 'dion.ne.jp');
insert into contact (id, phone_number, email, profile_link) values (39, '252-443-7724', 'bsouthey12@mapy.cz', 'over-blog.com');
insert into contact (id, phone_number, email, profile_link) values (40, '853-237-7865', 'gshortan13@squidoo.com', 'auda.org.au');
insert into contact (id, phone_number, email, profile_link) values (41, '694-795-9316', 'cglasscock14@sphinn.com', 'hhs.gov');
insert into contact (id, phone_number, email, profile_link) values (42, '888-651-1857', 'rsawfoot15@census.gov', 'prnewswire.com');
insert into contact (id, phone_number, email, profile_link) values (43, '957-941-1661', 'kgilluley16@google.nl', 'virginia.edu');
insert into contact (id, phone_number, email, profile_link) values (44, '738-420-8227', 'hpretty17@de.vu', 'zdnet.com');
insert into contact (id, phone_number, email, profile_link) values (45, '428-969-2258', 'cscrogges18@ocn.ne.jp', 'google.com');
insert into contact (id, phone_number, email, profile_link) values (46, '561-852-9105', 'lvizard19@prnewswire.com', 'tuttocitta.it');
insert into contact (id, phone_number, email, profile_link) values (47, '542-445-0989', 'golivas1a@stumbleupon.com', 'umn.edu');
insert into contact (id, phone_number, email, profile_link) values (48, '561-883-8305', 'rdodshon1b@jiathis.com', 'salon.com');
insert into contact (id, phone_number, email, profile_link) values (49, '531-396-6212', 'aspatari1c@e-recht24.de', 'gizmodo.com');
insert into contact (id, phone_number, email, profile_link) values (50, '454-703-2897', 'tcamois1d@mtv.com', 'google.fr');
insert into contact (id, phone_number, email, profile_link) values (51, '571-261-9945', 'rdederich1e@ca.gov', 'ebay.co.uk');
insert into contact (id, phone_number, email, profile_link) values (52, '621-767-7992', 'hcurdell1f@craigslist.org', 'alexa.com');
insert into contact (id, phone_number, email, profile_link) values (53, '838-425-3623', 'fkiddle1g@csmonitor.com', 'unicef.org');
insert into contact (id, phone_number, email, profile_link) values (54, '496-806-5556', 'skienzle1h@dot.gov', 'tuttocitta.it');
insert into contact (id, phone_number, email, profile_link) values (55, '554-754-3084', 'lscowen1i@army.mil', 'ca.gov');
insert into contact (id, phone_number, email, profile_link) values (56, '229-617-4931', 'lmaggi1j@gravatar.com', 'stanford.edu');
insert into contact (id, phone_number, email, profile_link) values (57, '813-227-3032', 'ncrellin1k@state.gov', 'ft.com');
insert into contact (id, phone_number, email, profile_link) values (58, '419-383-3371', 'rpenzer1l@free.fr', 'tuttocitta.it');
insert into contact (id, phone_number, email, profile_link) values (59, '813-534-2861', 'djura1m@163.com', 'howstuffworks.com');
insert into contact (id, phone_number, email, profile_link) values (60, '679-676-0096', 'smicheau1n@pcworld.com', 'vk.com');
insert into contact (id, phone_number, email, profile_link) values (61, '476-140-5295', 'rjenicek1o@biblegateway.com', 'stanford.edu');
insert into contact (id, phone_number, email, profile_link) values (62, '592-309-8048', 'akneafsey1p@cnbc.com', 'cocolog-nifty.com');
insert into contact (id, phone_number, email, profile_link) values (63, '829-241-8748', 'ztorn1q@alexa.com', 'hibu.com');
insert into contact (id, phone_number, email, profile_link) values (64, '595-834-4568', 'lgutsell1r@devhub.com', 'tumblr.com');
insert into contact (id, phone_number, email, profile_link) values (65, '185-853-4368', 'lenriques1s@dedecms.com', 'adobe.com');
insert into contact (id, phone_number, email, profile_link) values (66, '245-236-5020', 'dsperrett1t@yolasite.com', 'themeforest.net');
insert into contact (id, phone_number, email, profile_link) values (67, '873-335-7968', 'ndownton1u@soundcloud.com', 'sourceforge.net');
insert into contact (id, phone_number, email, profile_link) values (68, '109-676-4234', 'eveivers1v@flickr.com', 'vistaprint.com');
insert into contact (id, phone_number, email, profile_link) values (69, '658-949-0323', 'wtraite1w@skype.com', 'pen.io');
insert into contact (id, phone_number, email, profile_link) values (70, '629-794-0540', 'pbenardeau1x@nsw.gov.au', 'arstechnica.com');
insert into contact (id, phone_number, email, profile_link) values (71, '110-561-1879', 'rpester1y@meetup.com', 'yellowpages.com');
insert into contact (id, phone_number, email, profile_link) values (72, '363-153-8592', 'smounter1z@zimbio.com', 'wikimedia.org');
insert into contact (id, phone_number, email, profile_link) values (73, '952-718-9186', 'gmullin20@tmall.com', 'domainmarket.com');
insert into contact (id, phone_number, email, profile_link) values (74, '932-324-2067', 'rfoulds21@barnesandnoble.com', 'deliciousdays.com');
insert into contact (id, phone_number, email, profile_link) values (75, '676-994-5073', 'clongcake22@timesonline.co.uk', 'meetup.com');
insert into contact (id, phone_number, email, profile_link) values (76, '695-702-5605', 'ephython23@sciencedaily.com', 'meetup.com');
insert into contact (id, phone_number, email, profile_link) values (77, '735-937-5660', 'wyearby24@nps.gov', 'yellowbook.com');
insert into contact (id, phone_number, email, profile_link) values (78, '863-675-8408', 'tdaburn25@myspace.com', 'weather.com');
insert into contact (id, phone_number, email, profile_link) values (79, '901-495-4603', 'alippiello26@reference.com', 'jalbum.net');
insert into contact (id, phone_number, email, profile_link) values (80, '154-891-8855', 'blamie27@ca.gov', 'webs.com');
insert into contact (id, phone_number, email, profile_link) values (81, '923-102-6205', 'rstrelitzki28@angelfire.com', 'seesaa.net');
insert into contact (id, phone_number, email, profile_link) values (82, '676-926-7535', 'chavick29@angelfire.com', 'github.io');
insert into contact (id, phone_number, email, profile_link) values (83, '154-124-8806', 'alambregts2a@craigslist.org', 'kickstarter.com');
insert into contact (id, phone_number, email, profile_link) values (84, '280-124-8138', 'rstannislawski2b@yahoo.com', 'jimdo.com');
insert into contact (id, phone_number, email, profile_link) values (85, '601-688-0626', 'kludovici2c@yolasite.com', 'marriott.com');
insert into contact (id, phone_number, email, profile_link) values (86, '603-466-4433', 'ucapeloff2d@prweb.com', 'virginia.edu');
insert into contact (id, phone_number, email, profile_link) values (87, '583-813-4072', 'twalkingshaw2e@whitehouse.gov', 'cpanel.net');
insert into contact (id, phone_number, email, profile_link) values (88, '802-141-5883', 'cperigeaux2f@berkeley.edu', 'mozilla.com');
insert into contact (id, phone_number, email, profile_link) values (89, '264-566-3082', 'chanson2g@woothemes.com', 'wikia.com');
insert into contact (id, phone_number, email, profile_link) values (90, '203-371-3014', 'aschoffler2h@youku.com', 'aboutads.info');
insert into contact (id, phone_number, email, profile_link) values (91, '915-782-3522', 'rmcboyle2i@washingtonpost.com', 'is.gd');
insert into contact (id, phone_number, email, profile_link) values (92, '350-206-4655', 'mholdforth2j@usda.gov', 'discovery.com');
insert into contact (id, phone_number, email, profile_link) values (93, '143-603-3908', 'dseear2k@yellowbook.com', '1688.com');
insert into contact (id, phone_number, email, profile_link) values (94, '115-179-0491', 'coverill2l@jimdo.com', 'paypal.com');
insert into contact (id, phone_number, email, profile_link) values (95, '437-500-2386', 'bledbury2m@virginia.edu', 'army.mil');
insert into contact (id, phone_number, email, profile_link) values (96, '332-902-4198', 'kcromett2n@redcross.org', 'abc.net.au');
insert into contact (id, phone_number, email, profile_link) values (97, '357-229-2078', 'ccarlyon2o@4shared.com', 'dedecms.com');
insert into contact (id, phone_number, email, profile_link) values (98, '737-544-3584', 'atolmie2p@freewebs.com', 'phoca.cz');
insert into contact (id, phone_number, email, profile_link) values (99, '903-564-0740', 'ctwizell2q@spotify.com', 'economist.com');
insert into contact (id, phone_number, email, profile_link) values (100, '592-992-2831', 'dtoquet2r@jimdo.com', 'people.com.cn');

-- illness
insert into illness (id, medical_card_id, type_id, heaviness, appearance_dttm, recovery_dt) values (1, 2, 4, 'F', '2022-04-23 03:26:19', '2022-02-22');
insert into illness (id, medical_card_id, type_id, heaviness, appearance_dttm, recovery_dt) values (2, 3, 6, 'F', '2022-02-28 23:26:39', '2022-04-16');
insert into illness (id, medical_card_id, type_id, heaviness, appearance_dttm, recovery_dt) values (3, 4, 8, 'M', '2022-09-29 17:13:42', '2022-02-19');
insert into illness (id, medical_card_id, type_id, heaviness, appearance_dttm, recovery_dt) values (4, 5, 10, 'F', '2022-03-24 02:47:02', '2022-06-30');
insert into illness (id, medical_card_id, type_id, heaviness, appearance_dttm, recovery_dt) values (5, 6, 12, 'F', '2022-06-01 21:02:11', '2021-11-04');
insert into illness (id, medical_card_id, type_id, heaviness, appearance_dttm, recovery_dt) values (6, 7, 14, 'F', '2021-11-18 19:55:50', '2022-09-10');
insert into illness (id, medical_card_id, type_id, heaviness, appearance_dttm, recovery_dt) values (7, 8, 16, 'M', '2022-02-11 03:52:36', '2022-05-12');
insert into illness (id, medical_card_id, type_id, heaviness, appearance_dttm, recovery_dt) values (8, 9, 18, 'M', '2021-11-19 05:39:08', '2022-09-19');
insert into illness (id, medical_card_id, type_id, heaviness, appearance_dttm, recovery_dt) values (9, 10, 20, 'F', '2022-06-17 22:03:41', '2022-08-14');
insert into illness (id, medical_card_id, type_id, heaviness, appearance_dttm, recovery_dt) values (10, 11, 22, 'F', '2022-05-21 16:40:25', '2021-10-28');
insert into illness (id, medical_card_id, type_id, heaviness, appearance_dttm, recovery_dt) values (11, 12, 24, 'M', '2022-07-19 01:08:21', '2022-06-01');
insert into illness (id, medical_card_id, type_id, heaviness, appearance_dttm, recovery_dt) values (12, 13, 26, 'M', '2021-12-19 05:44:30', '2022-04-13');
insert into illness (id, medical_card_id, type_id, heaviness, appearance_dttm, recovery_dt) values (13, 14, 28, 'F', '2022-08-04 14:50:48', '2021-11-20');
insert into illness (id, medical_card_id, type_id, heaviness, appearance_dttm, recovery_dt) values (14, 15, 30, 'F', '2022-06-16 06:56:54', '2022-03-06');
insert into illness (id, medical_card_id, type_id, heaviness, appearance_dttm, recovery_dt) values (15, 16, 32, 'F', '2021-12-11 02:00:41', '2022-04-24');
insert into illness (id, medical_card_id, type_id, heaviness, appearance_dttm, recovery_dt) values (16, 17, 34, 'M', '2022-07-31 23:29:28', '2021-12-10');
insert into illness (id, medical_card_id, type_id, heaviness, appearance_dttm, recovery_dt) values (17, 18, 36, 'F', '2022-08-25 12:03:01', '2022-04-28');
insert into illness (id, medical_card_id, type_id, heaviness, appearance_dttm, recovery_dt) values (18, 19, 38, 'M', '2022-02-01 09:41:55', '2021-12-20');
insert into illness (id, medical_card_id, type_id, heaviness, appearance_dttm, recovery_dt) values (19, 20, 40, 'F', '2022-02-10 13:06:07', '2022-03-11');
insert into illness (id, medical_card_id, type_id, heaviness, appearance_dttm, recovery_dt) values (20, 21, 42, 'F', '2022-09-01 06:38:36', '2022-06-10');
insert into illness (id, medical_card_id, type_id, heaviness, appearance_dttm, recovery_dt) values (21, 22, 44, 'F', '2021-11-27 00:31:55', '2022-01-26');
insert into illness (id, medical_card_id, type_id, heaviness, appearance_dttm, recovery_dt) values (22, 23, 46, 'M', '2022-04-24 05:27:37', '2022-08-12');
insert into illness (id, medical_card_id, type_id, heaviness, appearance_dttm, recovery_dt) values (23, 24, 48, 'M', '2022-03-19 11:24:40', '2021-12-25');
insert into illness (id, medical_card_id, type_id, heaviness, appearance_dttm, recovery_dt) values (24, 25, 50, 'F', '2021-12-20 21:45:57', '2022-05-24');
insert into illness (id, medical_card_id, type_id, heaviness, appearance_dttm, recovery_dt) values (25, 26, 52, 'F', '2022-02-28 01:53:10', '2021-10-24');
insert into illness (id, medical_card_id, type_id, heaviness, appearance_dttm, recovery_dt) values (26, 27, 54, 'M', '2022-10-04 00:16:26', '2022-04-23');
insert into illness (id, medical_card_id, type_id, heaviness, appearance_dttm, recovery_dt) values (27, 28, 56, 'F', '2022-06-06 03:48:02', '2021-12-17');
insert into illness (id, medical_card_id, type_id, heaviness, appearance_dttm, recovery_dt) values (28, 29, 58, 'F', '2022-01-25 17:07:15', '2021-11-04');
insert into illness (id, medical_card_id, type_id, heaviness, appearance_dttm, recovery_dt) values (29, 30, 60, 'F', '2022-08-08 11:32:00', '2022-06-27');
insert into illness (id, medical_card_id, type_id, heaviness, appearance_dttm, recovery_dt) values (30, 31, 62, 'M', '2022-07-18 02:49:18', '2022-02-11');
insert into illness (id, medical_card_id, type_id, heaviness, appearance_dttm, recovery_dt) values (31, 32, 64, 'F', '2022-02-01 14:36:21', '2022-07-25');
insert into illness (id, medical_card_id, type_id, heaviness, appearance_dttm, recovery_dt) values (32, 33, 66, 'F', '2022-09-09 12:33:29', '2022-06-05');
insert into illness (id, medical_card_id, type_id, heaviness, appearance_dttm, recovery_dt) values (33, 34, 68, 'F', '2021-11-24 01:38:00', '2022-07-25');
insert into illness (id, medical_card_id, type_id, heaviness, appearance_dttm, recovery_dt) values (34, 35, 70, 'M', '2021-12-01 03:18:05', '2022-04-07');
insert into illness (id, medical_card_id, type_id, heaviness, appearance_dttm, recovery_dt) values (35, 36, 72, 'M', '2022-09-07 18:36:47', '2022-08-02');
insert into illness (id, medical_card_id, type_id, heaviness, appearance_dttm, recovery_dt) values (36, 37, 74, 'F', '2022-04-26 18:26:50', '2022-02-26');
insert into illness (id, medical_card_id, type_id, heaviness, appearance_dttm, recovery_dt) values (37, 38, 76, 'M', '2022-06-09 04:39:06', '2022-01-04');
insert into illness (id, medical_card_id, type_id, heaviness, appearance_dttm, recovery_dt) values (38, 39, 78, 'M', '2022-05-15 00:05:08', '2022-09-23');
insert into illness (id, medical_card_id, type_id, heaviness, appearance_dttm, recovery_dt) values (39, 40, 80, 'F', '2022-05-20 20:44:54', '2022-09-01');
insert into illness (id, medical_card_id, type_id, heaviness, appearance_dttm, recovery_dt) values (40, 41, 82, 'F', '2022-05-25 19:03:20', '2022-10-02');
insert into illness (id, medical_card_id, type_id, heaviness, appearance_dttm, recovery_dt) values (41, 42, 84, 'F', '2022-03-24 18:27:04', '2022-05-20');
insert into illness (id, medical_card_id, type_id, heaviness, appearance_dttm, recovery_dt) values (42, 43, 86, 'F', '2022-10-02 07:46:31', '2022-08-02');
insert into illness (id, medical_card_id, type_id, heaviness, appearance_dttm, recovery_dt) values (43, 44, 88, 'M', '2022-09-30 10:25:04', '2022-09-12');
insert into illness (id, medical_card_id, type_id, heaviness, appearance_dttm, recovery_dt) values (44, 45, 90, 'M', '2022-08-24 08:16:31', '2022-10-05');
insert into illness (id, medical_card_id, type_id, heaviness, appearance_dttm, recovery_dt) values (45, 46, 92, 'F', '2022-07-20 23:12:52', '2022-07-19');
insert into illness (id, medical_card_id, type_id, heaviness, appearance_dttm, recovery_dt) values (46, 47, 94, 'M', '2022-08-01 00:45:49', '2021-11-05');
insert into illness (id, medical_card_id, type_id, heaviness, appearance_dttm, recovery_dt) values (47, 48, 96, 'F', '2022-06-19 15:10:46', '2021-12-21');
insert into illness (id, medical_card_id, type_id, heaviness, appearance_dttm, recovery_dt) values (48, 49, 98, 'M', '2022-05-25 12:34:21', '2022-10-01');
insert into illness (id, medical_card_id, type_id, heaviness, appearance_dttm, recovery_dt) values (49, 50, 100, 'F', '2021-11-12 05:23:40', '2022-06-26');
insert into illness (id, medical_card_id, type_id, heaviness, appearance_dttm, recovery_dt) values (50, 1, 102, 'F', '2022-05-20 11:56:05', '2022-02-13');
insert into illness (id, medical_card_id, type_id, heaviness, appearance_dttm, recovery_dt) values (51, 2, 104, 'F', '2021-12-26 22:37:20', '2022-04-02');
insert into illness (id, medical_card_id, type_id, heaviness, appearance_dttm, recovery_dt) values (52, 3, 106, 'M', '2022-06-08 21:42:30', '2022-01-06');
insert into illness (id, medical_card_id, type_id, heaviness, appearance_dttm, recovery_dt) values (53, 4, 108, 'F', '2022-03-12 05:04:19', '2022-03-25');
insert into illness (id, medical_card_id, type_id, heaviness, appearance_dttm, recovery_dt) values (54, 5, 110, 'F', '2022-07-17 09:27:39', '2022-02-01');
insert into illness (id, medical_card_id, type_id, heaviness, appearance_dttm, recovery_dt) values (55, 6, 112, 'M', '2022-09-21 07:10:20', '2022-03-24');
insert into illness (id, medical_card_id, type_id, heaviness, appearance_dttm, recovery_dt) values (56, 7, 114, 'F', '2021-12-31 08:03:27', '2022-06-18');
insert into illness (id, medical_card_id, type_id, heaviness, appearance_dttm, recovery_dt) values (57, 8, 116, 'M', '2022-06-20 01:52:58', '2022-07-21');
insert into illness (id, medical_card_id, type_id, heaviness, appearance_dttm, recovery_dt) values (58, 9, 118, 'F', '2022-03-22 01:50:50', '2022-04-16');
insert into illness (id, medical_card_id, type_id, heaviness, appearance_dttm, recovery_dt) values (59, 10, 120, 'M', '2022-03-16 11:14:30', '2022-06-24');
insert into illness (id, medical_card_id, type_id, heaviness, appearance_dttm, recovery_dt) values (60, 11, 122, 'M', '2022-07-11 05:04:07', '2022-02-14');
insert into illness (id, medical_card_id, type_id, heaviness, appearance_dttm, recovery_dt) values (61, 12, 124, 'F', '2022-02-13 17:30:56', '2022-07-20');
insert into illness (id, medical_card_id, type_id, heaviness, appearance_dttm, recovery_dt) values (62, 13, 126, 'F', '2022-10-06 22:56:11', '2022-09-14');
insert into illness (id, medical_card_id, type_id, heaviness, appearance_dttm, recovery_dt) values (63, 14, 128, 'M', '2021-12-23 17:57:46', '2021-12-02');
insert into illness (id, medical_card_id, type_id, heaviness, appearance_dttm, recovery_dt) values (64, 15, 130, 'F', '2022-05-20 13:47:47', '2022-08-16');
insert into illness (id, medical_card_id, type_id, heaviness, appearance_dttm, recovery_dt) values (65, 16, 132, 'F', '2022-06-08 08:53:08', '2021-12-24');
insert into illness (id, medical_card_id, type_id, heaviness, appearance_dttm, recovery_dt) values (66, 17, 134, 'F', '2022-02-14 05:16:41', '2022-08-16');
insert into illness (id, medical_card_id, type_id, heaviness, appearance_dttm, recovery_dt) values (67, 18, 136, 'F', '2022-06-19 06:47:22', '2022-08-27');
insert into illness (id, medical_card_id, type_id, heaviness, appearance_dttm, recovery_dt) values (68, 19, 138, 'F', '2022-05-13 15:04:16', '2022-01-15');
insert into illness (id, medical_card_id, type_id, heaviness, appearance_dttm, recovery_dt) values (69, 20, 140, 'M', '2021-10-23 07:27:01', '2022-06-05');
insert into illness (id, medical_card_id, type_id, heaviness, appearance_dttm, recovery_dt) values (70, 21, 142, 'F', '2022-02-08 08:37:57', '2022-08-25');
insert into illness (id, medical_card_id, type_id, heaviness, appearance_dttm, recovery_dt) values (71, 22, 144, 'F', '2021-11-06 20:51:39', '2022-02-11');
insert into illness (id, medical_card_id, type_id, heaviness, appearance_dttm, recovery_dt) values (72, 23, 146, 'M', '2022-01-11 10:23:15', '2022-01-28');
insert into illness (id, medical_card_id, type_id, heaviness, appearance_dttm, recovery_dt) values (73, 24, 148, 'M', '2021-11-03 22:35:40', '2022-06-28');
insert into illness (id, medical_card_id, type_id, heaviness, appearance_dttm, recovery_dt) values (74, 25, 150, 'F', '2022-05-15 07:34:41', '2022-05-27');
insert into illness (id, medical_card_id, type_id, heaviness, appearance_dttm, recovery_dt) values (75, 26, 152, 'M', '2022-06-02 10:03:22', '2022-08-02');
insert into illness (id, medical_card_id, type_id, heaviness, appearance_dttm, recovery_dt) values (76, 27, 154, 'M', '2021-11-28 22:17:46', '2022-06-07');
insert into illness (id, medical_card_id, type_id, heaviness, appearance_dttm, recovery_dt) values (77, 28, 156, 'F', '2021-11-27 10:08:20', '2021-11-20');
insert into illness (id, medical_card_id, type_id, heaviness, appearance_dttm, recovery_dt) values (78, 29, 158, 'M', '2022-01-26 17:27:17', '2022-01-17');
insert into illness (id, medical_card_id, type_id, heaviness, appearance_dttm, recovery_dt) values (79, 30, 160, 'F', '2022-04-23 17:20:10', '2022-06-15');
insert into illness (id, medical_card_id, type_id, heaviness, appearance_dttm, recovery_dt) values (80, 31, 162, 'M', '2022-01-24 12:42:46', '2022-01-14');
insert into illness (id, medical_card_id, type_id, heaviness, appearance_dttm, recovery_dt) values (81, 32, 164, 'M', '2022-09-05 09:43:08', '2021-12-25');
insert into illness (id, medical_card_id, type_id, heaviness, appearance_dttm, recovery_dt) values (82, 33, 166, 'F', '2022-07-27 10:08:41', '2022-07-02');
insert into illness (id, medical_card_id, type_id, heaviness, appearance_dttm, recovery_dt) values (83, 34, 168, 'F', '2022-07-24 12:13:00', '2021-11-17');
insert into illness (id, medical_card_id, type_id, heaviness, appearance_dttm, recovery_dt) values (84, 35, 170, 'M', '2021-11-23 10:34:33', '2021-12-31');
insert into illness (id, medical_card_id, type_id, heaviness, appearance_dttm, recovery_dt) values (85, 36, 172, 'M', '2022-07-19 11:35:05', '2022-07-17');
insert into illness (id, medical_card_id, type_id, heaviness, appearance_dttm, recovery_dt) values (86, 37, 174, 'F', '2022-09-07 14:14:05', '2022-06-27');
insert into illness (id, medical_card_id, type_id, heaviness, appearance_dttm, recovery_dt) values (87, 38, 176, 'F', '2022-06-01 07:56:00', '2022-04-05');
insert into illness (id, medical_card_id, type_id, heaviness, appearance_dttm, recovery_dt) values (88, 39, 178, 'M', '2022-03-05 08:57:27', '2022-05-23');
insert into illness (id, medical_card_id, type_id, heaviness, appearance_dttm, recovery_dt) values (89, 40, 180, 'F', '2022-10-17 03:02:26', '2022-03-30');
insert into illness (id, medical_card_id, type_id, heaviness, appearance_dttm, recovery_dt) values (90, 41, 182, 'M', '2022-07-23 07:34:58', '2022-10-10');
insert into illness (id, medical_card_id, type_id, heaviness, appearance_dttm, recovery_dt) values (91, 42, 184, 'F', '2022-06-30 17:02:47', '2022-04-21');
insert into illness (id, medical_card_id, type_id, heaviness, appearance_dttm, recovery_dt) values (92, 43, 186, 'M', '2021-11-09 02:55:54', '2022-04-30');
insert into illness (id, medical_card_id, type_id, heaviness, appearance_dttm, recovery_dt) values (93, 44, 188, 'F', '2021-12-27 10:26:34', '2022-08-03');
insert into illness (id, medical_card_id, type_id, heaviness, appearance_dttm, recovery_dt) values (94, 45, 190, 'F', '2022-06-10 18:18:06', '2022-03-12');
insert into illness (id, medical_card_id, type_id, heaviness, appearance_dttm, recovery_dt) values (95, 46, 192, 'F', '2022-03-31 19:29:19', '2021-12-06');
insert into illness (id, medical_card_id, type_id, heaviness, appearance_dttm, recovery_dt) values (96, 47, 194, 'F', '2022-03-03 03:16:53', '2022-09-24');
insert into illness (id, medical_card_id, type_id, heaviness, appearance_dttm, recovery_dt) values (97, 48, 196, 'M', '2022-07-12 04:33:53', '2022-07-31');
insert into illness (id, medical_card_id, type_id, heaviness, appearance_dttm, recovery_dt) values (98, 49, 198, 'M', '2022-07-23 04:53:17', '2022-01-11');
insert into illness (id, medical_card_id, type_id, heaviness, appearance_dttm, recovery_dt) values (99, 50, 200, 'M', '2022-04-30 18:52:43', '2021-12-10');
insert into illness (id, medical_card_id, type_id, heaviness, appearance_dttm, recovery_dt) values (100, 1, 202, 'F', '2022-06-19 12:56:51', '2021-11-07');

-- person_data
insert into person_data (id, last_name, first_name, birth_dt, age, sex, contact_id, medical_card_id) values (2, 'error: no implicit conversion of Fixnum into String', 'error: no implicit conversion of Fixnum into String', '2021-12-22', 1, 'F', 1, 1);
insert into person_data (id, last_name, first_name, birth_dt, age, sex, contact_id, medical_card_id, parent_id) values (3, 'error: no implicit conversion of Fixnum into String', 'error: no implicit conversion of Fixnum into String', '2022-02-01', 2, 'M', 2, 2, 2);
insert into person_data (id, last_name, first_name, birth_dt, age, sex, contact_id, medical_card_id, parent_id) values (4, 'error: no implicit conversion of Fixnum into String', 'error: no implicit conversion of Fixnum into String', '2022-09-03', 3, 'M', 3, 3, 3);
insert into person_data (id, last_name, first_name, birth_dt, age, sex, contact_id, medical_card_id, parent_id) values (5, 'error: no implicit conversion of Fixnum into String', 'error: no implicit conversion of Fixnum into String', '2022-01-02', 4, 'M', 4, 4, 4);
insert into person_data (id, last_name, first_name, birth_dt, age, sex, contact_id, medical_card_id, parent_id) values (6, 'error: no implicit conversion of Fixnum into String', 'error: no implicit conversion of Fixnum into String', '2022-04-03', 5, 'M', 5, 5, 5);
insert into person_data (id, last_name, first_name, birth_dt, age, sex, contact_id, medical_card_id, parent_id) values (7, 'error: no implicit conversion of Fixnum into String', 'error: no implicit conversion of Fixnum into String', '2022-05-19', 6, 'M', 6, 6, 6);
insert into person_data (id, last_name, first_name, birth_dt, age, sex, contact_id, medical_card_id, parent_id) values (8, 'error: no implicit conversion of Fixnum into String', 'error: no implicit conversion of Fixnum into String', '2022-04-23', 7, 'F', 7, 7, 7);
insert into person_data (id, last_name, first_name, birth_dt, age, sex, contact_id, medical_card_id, parent_id) values (9, 'error: no implicit conversion of Fixnum into String', 'error: no implicit conversion of Fixnum into String', '2022-08-16', 8, 'F', 8, 8, 8);
insert into person_data (id, last_name, first_name, birth_dt, age, sex, contact_id, medical_card_id, parent_id) values (10, 'error: no implicit conversion of Fixnum into String', 'error: no implicit conversion of Fixnum into String', '2022-03-16', 9, 'M', 9, 9, 9);
insert into person_data (id, last_name, first_name, birth_dt, age, sex, contact_id, medical_card_id, parent_id) values (11, 'error: no implicit conversion of Fixnum into String', 'error: no implicit conversion of Fixnum into String', '2022-08-04', 10, 'F', 10, 10, 10);
insert into person_data (id, last_name, first_name, birth_dt, age, sex, contact_id, medical_card_id, parent_id) values (12, 'error: no implicit conversion of Fixnum into String', 'error: no implicit conversion of Fixnum into String', '2022-03-17', 11, 'F', 11, 11, 11);
insert into person_data (id, last_name, first_name, birth_dt, age, sex, contact_id, medical_card_id, parent_id) values (13, 'error: no implicit conversion of Fixnum into String', 'error: no implicit conversion of Fixnum into String', '2022-08-23', 12, 'M', 12, 12, 12);
insert into person_data (id, last_name, first_name, birth_dt, age, sex, contact_id, medical_card_id, parent_id) values (14, 'error: no implicit conversion of Fixnum into String', 'error: no implicit conversion of Fixnum into String', '2022-09-25', 13, 'F', 13, 13, 13);
insert into person_data (id, last_name, first_name, birth_dt, age, sex, contact_id, medical_card_id, parent_id) values (15, 'error: no implicit conversion of Fixnum into String', 'error: no implicit conversion of Fixnum into String', '2022-05-21', 14, 'M', 14, 14, 14);
insert into person_data (id, last_name, first_name, birth_dt, age, sex, contact_id, medical_card_id, parent_id) values (16, 'error: no implicit conversion of Fixnum into String', 'error: no implicit conversion of Fixnum into String', '2022-03-10', 15, 'F', 15, 15, 15);
insert into person_data (id, last_name, first_name, birth_dt, age, sex, contact_id, medical_card_id, parent_id) values (17, 'error: no implicit conversion of Fixnum into String', 'error: no implicit conversion of Fixnum into String', '2022-06-25', 16, 'F', 16, 16, 16);
insert into person_data (id, last_name, first_name, birth_dt, age, sex, contact_id, medical_card_id, parent_id) values (18, 'error: no implicit conversion of Fixnum into String', 'error: no implicit conversion of Fixnum into String', '2022-03-22', 17, 'M', 17, 17, 17);
insert into person_data (id, last_name, first_name, birth_dt, age, sex, contact_id, medical_card_id, parent_id) values (19, 'error: no implicit conversion of Fixnum into String', 'error: no implicit conversion of Fixnum into String', '2021-11-25', 18, 'F', 18, 18, 18);
insert into person_data (id, last_name, first_name, birth_dt, age, sex, contact_id, medical_card_id, parent_id) values (20, 'error: no implicit conversion of Fixnum into String', 'error: no implicit conversion of Fixnum into String', '2022-05-28', 19, 'F', 19, 19, 19);
insert into person_data (id, last_name, first_name, birth_dt, age, sex, contact_id, medical_card_id, parent_id) values (21, 'error: no implicit conversion of Fixnum into String', 'error: no implicit conversion of Fixnum into String', '2022-03-17', 20, 'M', 20, 20, 20);
insert into person_data (id, last_name, first_name, birth_dt, age, sex, contact_id, medical_card_id, parent_id) values (22, 'error: no implicit conversion of Fixnum into String', 'error: no implicit conversion of Fixnum into String', '2022-09-27', 21, 'F', 21, 21, 21);
insert into person_data (id, last_name, first_name, birth_dt, age, sex, contact_id, medical_card_id, parent_id) values (23, 'error: no implicit conversion of Fixnum into String', 'error: no implicit conversion of Fixnum into String', '2022-04-04', 22, 'M', 22, 22, 22);
insert into person_data (id, last_name, first_name, birth_dt, age, sex, contact_id, medical_card_id, parent_id) values (24, 'error: no implicit conversion of Fixnum into String', 'error: no implicit conversion of Fixnum into String', '2022-10-13', 23, 'F', 23, 23, 23);
insert into person_data (id, last_name, first_name, birth_dt, age, sex, contact_id, medical_card_id, parent_id) values (25, 'error: no implicit conversion of Fixnum into String', 'error: no implicit conversion of Fixnum into String', '2022-04-01', 24, 'M', 24, 24, 24);
insert into person_data (id, last_name, first_name, birth_dt, age, sex, contact_id, medical_card_id, parent_id) values (26, 'error: no implicit conversion of Fixnum into String', 'error: no implicit conversion of Fixnum into String', '2022-05-25', 25, 'M', 25, 25, 25);
insert into person_data (id, last_name, first_name, birth_dt, age, sex, contact_id, medical_card_id, parent_id) values (27, 'error: no implicit conversion of Fixnum into String', 'error: no implicit conversion of Fixnum into String', '2022-08-02', 26, 'F', 26, 26, 26);
insert into person_data (id, last_name, first_name, birth_dt, age, sex, contact_id, medical_card_id, parent_id) values (28, 'error: no implicit conversion of Fixnum into String', 'error: no implicit conversion of Fixnum into String', '2022-01-07', 27, 'F', 27, 27, 27);
insert into person_data (id, last_name, first_name, birth_dt, age, sex, contact_id, medical_card_id, parent_id) values (29, 'error: no implicit conversion of Fixnum into String', 'error: no implicit conversion of Fixnum into String', '2022-07-28', 28, 'M', 28, 28, 28);
insert into person_data (id, last_name, first_name, birth_dt, age, sex, contact_id, medical_card_id, parent_id) values (30, 'error: no implicit conversion of Fixnum into String', 'error: no implicit conversion of Fixnum into String', '2021-11-08', 29, 'F', 29, 29, 29);
insert into person_data (id, last_name, first_name, birth_dt, age, sex, contact_id, medical_card_id, parent_id) values (31, 'error: no implicit conversion of Fixnum into String', 'error: no implicit conversion of Fixnum into String', '2022-05-14', 30, 'M', 30, 30, 30);
insert into person_data (id, last_name, first_name, birth_dt, age, sex, contact_id, medical_card_id, parent_id) values (32, 'error: no implicit conversion of Fixnum into String', 'error: no implicit conversion of Fixnum into String', '2022-07-04', 31, 'F', 31, 31, 31);
insert into person_data (id, last_name, first_name, birth_dt, age, sex, contact_id, medical_card_id, parent_id) values (33, 'error: no implicit conversion of Fixnum into String', 'error: no implicit conversion of Fixnum into String', '2022-09-12', 32, 'F', 32, 32, 32);
insert into person_data (id, last_name, first_name, birth_dt, age, sex, contact_id, medical_card_id, parent_id) values (34, 'error: no implicit conversion of Fixnum into String', 'error: no implicit conversion of Fixnum into String', '2022-02-24', 33, 'M', 33, 33, 33);
insert into person_data (id, last_name, first_name, birth_dt, age, sex, contact_id, medical_card_id, parent_id) values (35, 'error: no implicit conversion of Fixnum into String', 'error: no implicit conversion of Fixnum into String', '2021-10-23', 34, 'M', 34, 34, 34);
insert into person_data (id, last_name, first_name, birth_dt, age, sex, contact_id, medical_card_id, parent_id) values (36, 'error: no implicit conversion of Fixnum into String', 'error: no implicit conversion of Fixnum into String', '2022-09-21', 35, 'F', 35, 35, 35);
insert into person_data (id, last_name, first_name, birth_dt, age, sex, contact_id, medical_card_id, parent_id) values (37, 'error: no implicit conversion of Fixnum into String', 'error: no implicit conversion of Fixnum into String', '2021-11-12', 36, 'F', 36, 36, 36);
insert into person_data (id, last_name, first_name, birth_dt, age, sex, contact_id, medical_card_id, parent_id) values (38, 'error: no implicit conversion of Fixnum into String', 'error: no implicit conversion of Fixnum into String', '2022-01-20', 37, 'F', 37, 37, 37);
insert into person_data (id, last_name, first_name, birth_dt, age, sex, contact_id, medical_card_id, parent_id) values (39, 'error: no implicit conversion of Fixnum into String', 'error: no implicit conversion of Fixnum into String', '2022-06-18', 38, 'M', 38, 38, 38);
insert into person_data (id, last_name, first_name, birth_dt, age, sex, contact_id, medical_card_id, parent_id) values (40, 'error: no implicit conversion of Fixnum into String', 'error: no implicit conversion of Fixnum into String', '2022-02-16', 39, 'M', 39, 39, 39);
insert into person_data (id, last_name, first_name, birth_dt, age, sex, contact_id, medical_card_id, parent_id) values (41, 'error: no implicit conversion of Fixnum into String', 'error: no implicit conversion of Fixnum into String', '2022-03-18', 40, 'M', 40, 40, 40);
insert into person_data (id, last_name, first_name, birth_dt, age, sex, contact_id, medical_card_id, parent_id) values (42, 'error: no implicit conversion of Fixnum into String', 'error: no implicit conversion of Fixnum into String', '2021-10-22', 41, 'M', 41, 41, 41);
insert into person_data (id, last_name, first_name, birth_dt, age, sex, contact_id, medical_card_id, parent_id) values (43, 'error: no implicit conversion of Fixnum into String', 'error: no implicit conversion of Fixnum into String', '2022-02-19', 42, 'F', 42, 42, 42);
insert into person_data (id, last_name, first_name, birth_dt, age, sex, contact_id, medical_card_id, parent_id) values (44, 'error: no implicit conversion of Fixnum into String', 'error: no implicit conversion of Fixnum into String', '2022-07-24', 43, 'F', 43, 43, 43);
insert into person_data (id, last_name, first_name, birth_dt, age, sex, contact_id, medical_card_id, parent_id) values (45, 'error: no implicit conversion of Fixnum into String', 'error: no implicit conversion of Fixnum into String', '2022-02-11', 44, 'F', 44, 44, 44);
insert into person_data (id, last_name, first_name, birth_dt, age, sex, contact_id, medical_card_id, parent_id) values (46, 'error: no implicit conversion of Fixnum into String', 'error: no implicit conversion of Fixnum into String', '2021-11-16', 45, 'F', 45, 45, 45);
insert into person_data (id, last_name, first_name, birth_dt, age, sex, contact_id, medical_card_id, parent_id) values (47, 'error: no implicit conversion of Fixnum into String', 'error: no implicit conversion of Fixnum into String', '2022-07-17', 46, 'M', 46, 46, 46);
insert into person_data (id, last_name, first_name, birth_dt, age, sex, contact_id, medical_card_id, parent_id) values (48, 'error: no implicit conversion of Fixnum into String', 'error: no implicit conversion of Fixnum into String', '2021-12-12', 47, 'F', 47, 47, 47);
insert into person_data (id, last_name, first_name, birth_dt, age, sex, contact_id, medical_card_id, parent_id) values (49, 'error: no implicit conversion of Fixnum into String', 'error: no implicit conversion of Fixnum into String', '2021-12-03', 48, 'M', 48, 48, 48);
insert into person_data (id, last_name, first_name, birth_dt, age, sex, contact_id, medical_card_id, parent_id) values (50, 'error: no implicit conversion of Fixnum into String', 'error: no implicit conversion of Fixnum into String', '2022-05-27', 49, 'F', 49, 49, 49);
insert into person_data (id, last_name, first_name, birth_dt, age, sex, contact_id, medical_card_id, parent_id) values (51, 'error: no implicit conversion of Fixnum into String', 'error: no implicit conversion of Fixnum into String', '2021-12-05', 50, 'F', 50, 50, 50);

-- address
insert into address (id, contact_id, country_id, city, index, street, building, flat) values (2, 1, 1, 'Garanhuns', 1, '0663 Springview Hill', 'Point', '6');
insert into address (id, contact_id, country_id, city, index, street, building, flat) values (3, 2, 2, 'Nagorsk', 2, '45724 Mifflin Park', 'Circle', '073');
insert into address (id, contact_id, country_id, city, index, street, building, flat) values (4, 3, 3, 'Motala', 3, '32304 Bonner Center', 'Alley', '431');
insert into address (id, contact_id, country_id, city, index, street, building, flat) values (5, 4, 4, 'Manikchari', 4, '652 Shoshone Terrace', 'Center', '2159');
insert into address (id, contact_id, country_id, city, index, street, building, flat) values (6, 5, 5, 'Passo Fundo', 5, '9272 Anderson Crossing', 'Road', '971');
insert into address (id, contact_id, country_id, city, index, street, building, flat) values (7, 6, 6, 'Rumboci', 6, '79831 Farragut Park', 'Center', '9219');
insert into address (id, contact_id, country_id, city, index, street, building, flat) values (8, 7, 7, 'Daet', 7, '761 Ludington Place', 'Terrace', '1');
insert into address (id, contact_id, country_id, city, index, street, building, flat) values (9, 8, 8, 'Schirmeck', 8, '362 Fordem Road', 'Drive', '70838');
insert into address (id, contact_id, country_id, city, index, street, building, flat) values (10, 9, 9, 'Karangan', 9, '81 Truax Point', 'Court', '86');
insert into address (id, contact_id, country_id, city, index, street, building, flat) values (11, 10, 10, 'Apurawan', 10, '58303 Jana Drive', 'Parkway', '57508');
insert into address (id, contact_id, country_id, city, index, street, building, flat) values (12, 11, 11, 'Catayauan', 11, '18509 Thackeray Junction', 'Place', '2671');
insert into address (id, contact_id, country_id, city, index, street, building, flat) values (13, 12, 12, 'Mastung', 12, '573 Mandrake Junction', 'Court', '09121');
insert into address (id, contact_id, country_id, city, index, street, building, flat) values (14, 13, 13, 'Kushiro', 13, '1955 Calypso Plaza', 'Point', '012');
insert into address (id, contact_id, country_id, city, index, street, building, flat) values (15, 14, 14, 'Croissy-sur-Seine', 14, '71 Lillian Center', 'Terrace', '582');
insert into address (id, contact_id, country_id, city, index, street, building, flat) values (16, 15, 15, 'Pengjia Zhaizi', 15, '7135 Shopko Way', 'Terrace', '02782');
insert into address (id, contact_id, country_id, city, index, street, building, flat) values (17, 16, 16, 'Veranpolis', 16, '9439 Mallory Street', 'Hill', '81');
insert into address (id, contact_id, country_id, city, index, street, building, flat) values (18, 17, 17, 'Wysokie Mazowieckie', 17, '1279 Hintze Way', 'Circle', '6111');
insert into address (id, contact_id, country_id, city, index, street, building, flat) values (19, 18, 18, 'Kagawasan', 18, '98 Aberg Point', 'Lane', '8321');
insert into address (id, contact_id, country_id, city, index, street, building, flat) values (20, 19, 19, 'Belsh', 19, '3 Dixon Lane', 'Park', '251');
insert into address (id, contact_id, country_id, city, index, street, building, flat) values (21, 20, 20, 'avnik', 20, '04 Towne Park', 'Circle', '492');
insert into address (id, contact_id, country_id, city, index, street, building, flat) values (22, 21, 21, 'Druya', 21, '64097 Village Green Avenue', 'Place', '929');
insert into address (id, contact_id, country_id, city, index, street, building, flat) values (23, 22, 22, 'Heshui', 22, '2 Corben Park', 'Trail', '8919');
insert into address (id, contact_id, country_id, city, index, street, building, flat) values (24, 23, 23, 'Bogovinje', 23, '807 Rusk Way', 'Hill', '47');
insert into address (id, contact_id, country_id, city, index, street, building, flat) values (25, 24, 24, 'Marina Horka', 24, '1 Mifflin Alley', 'Pass', '06767');
insert into address (id, contact_id, country_id, city, index, street, building, flat) values (26, 25, 25, 'Pilar', 25, '88415 Artisan Junction', 'Pass', '170');
insert into address (id, contact_id, country_id, city, index, street, building, flat) values (27, 26, 26, 'Dongchen', 26, '3277 Huxley Hill', 'Street', '82633');
insert into address (id, contact_id, country_id, city, index, street, building, flat) values (28, 27, 27, 'Benns', 27, '0 New Castle Road', 'Crossing', '79');
insert into address (id, contact_id, country_id, city, index, street, building, flat) values (29, 28, 28, 'Siemianowice lskie', 28, '367 Basil Terrace', 'Hill', '39');
insert into address (id, contact_id, country_id, city, index, street, building, flat) values (30, 29, 29, 'Karlskoga', 29, '0 Warbler Pass', 'Place', '521');
insert into address (id, contact_id, country_id, city, index, street, building, flat) values (31, 30, 30, 'Curahkalak Tengah', 30, '2668 Old Gate Trail', 'Court', '541');
insert into address (id, contact_id, country_id, city, index, street, building, flat) values (32, 31, 31, 'Agdangan', 31, '9206 Maple Wood Circle', 'Street', '322');
insert into address (id, contact_id, country_id, city, index, street, building, flat) values (33, 32, 32, 'Al Qubbah', 32, '88 Bonner Point', 'Trail', '0');
insert into address (id, contact_id, country_id, city, index, street, building, flat) values (34, 33, 33, 'Huishi', 33, '017 Little Fleur Point', 'Terrace', '402');
insert into address (id, contact_id, country_id, city, index, street, building, flat) values (35, 34, 34, 'Agpangi', 34, '13 Annamark Circle', 'Junction', '3');
insert into address (id, contact_id, country_id, city, index, street, building, flat) values (36, 35, 35, 'Kezileboyi', 35, '09 Morningstar Pass', 'Plaza', '67914');
insert into address (id, contact_id, country_id, city, index, street, building, flat) values (37, 36, 36, 'Bonie', 36, '0998 Green Lane', 'Circle', '1628');
insert into address (id, contact_id, country_id, city, index, street, building, flat) values (38, 37, 37, 'Taivalkoski', 37, '338 Lighthouse Bay Plaza', 'Hill', '4');
insert into address (id, contact_id, country_id, city, index, street, building, flat) values (39, 38, 38, 'Tartu', 38, '15745 Elka Crossing', 'Trail', '9');
insert into address (id, contact_id, country_id, city, index, street, building, flat) values (40, 39, 39, 'Cueni', 39, '65174 4th Way', 'Trail', '757');
insert into address (id, contact_id, country_id, city, index, street, building, flat) values (41, 40, 40, 'Bolesawiec', 40, '8711 Starling Plaza', 'Drive', '82955');
insert into address (id, contact_id, country_id, city, index, street, building, flat) values (42, 41, 41, 'Mthymna', 41, '1088 Nelson Plaza', 'Plaza', '50277');
insert into address (id, contact_id, country_id, city, index, street, building, flat) values (43, 42, 42, 'Regla', 42, '02340 Kipling Crossing', 'Plaza', '02');
insert into address (id, contact_id, country_id, city, index, street, building, flat) values (44, 43, 43, 'Shahumyan', 43, '2 Lukken Center', 'Avenue', '05998');
insert into address (id, contact_id, country_id, city, index, street, building, flat) values (45, 44, 44, 'Cantao-an', 44, '63 Dennis Junction', 'Junction', '25');
insert into address (id, contact_id, country_id, city, index, street, building, flat) values (46, 45, 45, 'Santa Ana', 45, '728 Bluestem Place', 'Circle', '97');
insert into address (id, contact_id, country_id, city, index, street, building, flat) values (47, 46, 46, 'ebrk', 46, '5551 Forest Dale Parkway', 'Hill', '99');
insert into address (id, contact_id, country_id, city, index, street, building, flat) values (48, 47, 47, 'Caronoan West', 47, '2267 Lindbergh Way', 'Drive', '6');
insert into address (id, contact_id, country_id, city, index, street, building, flat) values (49, 48, 48, 'Piran', 48, '43 Blue Bill Park Parkway', 'Road', '01462');
insert into address (id, contact_id, country_id, city, index, street, building, flat) values (50, 49, 49, 'Seremban', 49, '051 Center Terrace', 'Lane', '5728');
insert into address (id, contact_id, country_id, city, index, street, building, flat) values (51, 50, 50, 'Tashtagol', 50, '893 Killdeer Terrace', 'Park', '87');
insert into address (id, contact_id, country_id, city, index, street, building, flat) values (52, 51, 51, 'Wum', 51, '659 Washington Trail', 'Court', '7');
insert into address (id, contact_id, country_id, city, index, street, building, flat) values (53, 52, 52, 'Krasnodar', 52, '6844 Evergreen Way', 'Drive', '879');
insert into address (id, contact_id, country_id, city, index, street, building, flat) values (54, 53, 53, 'Rab-e Sang-ye Pn', 53, '40977 Paget Circle', 'Lane', '27');
insert into address (id, contact_id, country_id, city, index, street, building, flat) values (55, 54, 54, 'Zhenyuan', 54, '6 Dunning Plaza', 'Way', '15');
insert into address (id, contact_id, country_id, city, index, street, building, flat) values (56, 55, 55, 'Caic', 55, '35 Dahle Parkway', 'Place', '4');
insert into address (id, contact_id, country_id, city, index, street, building, flat) values (57, 56, 56, 'Huancheng', 56, '97919 Butterfield Center', 'Plaza', '3');
insert into address (id, contact_id, country_id, city, index, street, building, flat) values (58, 57, 57, 'Zrkos', 57, '5252 North Point', 'Place', '3');
insert into address (id, contact_id, country_id, city, index, street, building, flat) values (59, 58, 58, 'Sukarame', 58, '25127 Laurel Park', 'Way', '9');
insert into address (id, contact_id, country_id, city, index, street, building, flat) values (60, 59, 59, 'Reguenga', 59, '37198 Chive Crossing', 'Junction', '05279');
insert into address (id, contact_id, country_id, city, index, street, building, flat) values (61, 60, 60, 'Sab', 60, '13 Talmadge Lane', 'Place', '041');
insert into address (id, contact_id, country_id, city, index, street, building, flat) values (62, 61, 61, 'Perugia', 61, '777 Hermina Circle', 'Road', '3');
insert into address (id, contact_id, country_id, city, index, street, building, flat) values (63, 62, 62, 'Shirahamach-usazakiminami', 62, '581 Roxbury Center', 'Lane', '81');
insert into address (id, contact_id, country_id, city, index, street, building, flat) values (64, 63, 63, 'Hagonoy', 63, '21949 Packers Parkway', 'Road', '85');
insert into address (id, contact_id, country_id, city, index, street, building, flat) values (65, 64, 64, 'Pasarbaru', 64, '50289 Rigney Crossing', 'Road', '1119');
insert into address (id, contact_id, country_id, city, index, street, building, flat) values (66, 65, 65, 'Thoen', 65, '32 East Hill', 'Circle', '013');
insert into address (id, contact_id, country_id, city, index, street, building, flat) values (67, 66, 66, 'Nova Vencia', 66, '19254 Northridge Court', 'Lane', '46');
insert into address (id, contact_id, country_id, city, index, street, building, flat) values (68, 67, 67, 'Na Yung', 67, '1717 Dunning Avenue', 'Avenue', '53166');
insert into address (id, contact_id, country_id, city, index, street, building, flat) values (69, 68, 68, 'Xindong', 68, '6 Carey Pass', 'Crossing', '92280');
insert into address (id, contact_id, country_id, city, index, street, building, flat) values (70, 69, 69, 'Dmytrivka', 69, '8 Atwood Hill', 'Parkway', '54323');
insert into address (id, contact_id, country_id, city, index, street, building, flat) values (71, 70, 70, 'Banjar Dauhpura', 70, '9 Hintze Circle', 'Center', '42653');
insert into address (id, contact_id, country_id, city, index, street, building, flat) values (72, 71, 71, 'Shilaoren', 71, '3737 Lighthouse Bay Place', 'Avenue', '95024');
insert into address (id, contact_id, country_id, city, index, street, building, flat) values (73, 72, 72, 'Abuko', 72, '0 Brentwood Terrace', 'Park', '94');
insert into address (id, contact_id, country_id, city, index, street, building, flat) values (74, 73, 73, 'Finspng', 73, '1310 Lunder Hill', 'Road', '320');
insert into address (id, contact_id, country_id, city, index, street, building, flat) values (75, 74, 74, 'Sherwood Park', 74, '2414 4th Court', 'Hill', '7547');
insert into address (id, contact_id, country_id, city, index, street, building, flat) values (76, 75, 75, 'Jinnan', 75, '7913 Randy Street', 'Hill', '03421');
insert into address (id, contact_id, country_id, city, index, street, building, flat) values (77, 76, 76, 'Jiangpu', 76, '6 Schlimgen Street', 'Pass', '18672');
insert into address (id, contact_id, country_id, city, index, street, building, flat) values (78, 77, 77, 'Gandrungmangu', 77, '3765 Badeau Crossing', 'Drive', '87894');
insert into address (id, contact_id, country_id, city, index, street, building, flat) values (79, 78, 78, 'Laboulaye', 78, '6 Melody Street', 'Crossing', '60325');
insert into address (id, contact_id, country_id, city, index, street, building, flat) values (80, 79, 79, 'Kievo', 79, '94 Longview Crossing', 'Road', '05');
insert into address (id, contact_id, country_id, city, index, street, building, flat) values (81, 80, 80, 'Miaotou', 80, '7711 Warrior Circle', 'Street', '7');
insert into address (id, contact_id, country_id, city, index, street, building, flat) values (82, 81, 81, 'Xirikxiy', 81, '39353 Swallow Lane', 'Street', '3');
insert into address (id, contact_id, country_id, city, index, street, building, flat) values (83, 82, 82, 'Nong Ki', 82, '01949 1st Alley', 'Terrace', '2145');
insert into address (id, contact_id, country_id, city, index, street, building, flat) values (84, 83, 83, 'Oetutulul', 83, '91 Moulton Trail', 'Place', '83');
insert into address (id, contact_id, country_id, city, index, street, building, flat) values (85, 84, 84, 'Ninh Ha', 84, '10 Hanson Hill', 'Park', '6838');
insert into address (id, contact_id, country_id, city, index, street, building, flat) values (86, 85, 85, 'Piedras', 85, '3 Nancy Terrace', 'Drive', '36427');
insert into address (id, contact_id, country_id, city, index, street, building, flat) values (87, 86, 86, 'Nungwi', 86, '74312 Maple Lane', 'Junction', '2481');
insert into address (id, contact_id, country_id, city, index, street, building, flat) values (88, 87, 87, 'Fort-de-France', 87, '4 Red Cloud Alley', 'Pass', '4321');
insert into address (id, contact_id, country_id, city, index, street, building, flat) values (89, 88, 88, 'Kuybyshevskiy Zaton', 88, '6 Menomonie Way', 'Parkway', '3604');
insert into address (id, contact_id, country_id, city, index, street, building, flat) values (90, 89, 89, 'El Agua Dulcita', 89, '3 East Plaza', 'Park', '9286');
insert into address (id, contact_id, country_id, city, index, street, building, flat) values (91, 90, 90, 'Pilcomay', 90, '39 Anhalt Drive', 'Junction', '86');
insert into address (id, contact_id, country_id, city, index, street, building, flat) values (92, 91, 91, 'Jiuhua', 91, '9588 Carpenter Road', 'Point', '69');
insert into address (id, contact_id, country_id, city, index, street, building, flat) values (93, 92, 92, 'Songgang', 92, '89 Melrose Alley', 'Road', '41408');
insert into address (id, contact_id, country_id, city, index, street, building, flat) values (94, 93, 93, 'Jacupiranga', 93, '037 Leroy Alley', 'Street', '2600');
insert into address (id, contact_id, country_id, city, index, street, building, flat) values (95, 94, 94, 'Herrera', 94, '04903 Northland Street', 'Road', '4');
insert into address (id, contact_id, country_id, city, index, street, building, flat) values (96, 95, 95, 'Hallstahammar', 95, '274 Kropf Terrace', 'Drive', '0');
insert into address (id, contact_id, country_id, city, index, street, building, flat) values (97, 96, 96, 'Xinglin', 96, '4 Ronald Regan Point', 'Crossing', '012');
insert into address (id, contact_id, country_id, city, index, street, building, flat) values (98, 97, 97, 'Carodok', 97, '894 Meadow Valley Plaza', 'Plaza', '789');
insert into address (id, contact_id, country_id, city, index, street, building, flat) values (99, 98, 98, 'Yongfeng', 98, '65977 Grayhawk Circle', 'Point', '229');
insert into address (id, contact_id, country_id, city, index, street, building, flat) values (100, 99, 99, 'Niyat Al ash Sharq', 99, '90 Alpine Parkway', 'Lane', '5167');
insert into address (id, contact_id, country_id, city, index, street, building, flat) values (101, 100, 100, 'Palkino', 100, '8454 8th Trail', 'Terrace', '2297');
